Status,Site,State,Metro Area,County,Place,Zip Code,Total Acreage,MF Acreage,Zoning,Zoned?,Units,Price,Listed / Unlisted,Date Added,Broker/Referral Source,Rejected Reason,Comments
Identified,Clara Ave 392A,FL,Panama City,Bay,Panama City Beach,32407,28,19,CH,Yes,Allowed 45 units/acre,"$19,000,000",Listed,01/29/26,Patrick Jones,,
Identified,Riverwalk - Port Orange,FL,Deltona - Daytona Beach - Ormond Beach,Volusia,Port Orange,32127,11.4,-,PC-R,Yes,270-429,$1 million per acre,Listed,01/16/26,David Calcanis,,
Identified,Holly Grove,MS,Gulfport - Biloxi - Pascagoula,Jackson,Ocean Springs,39564,19.41,19.41,R-1A,No,allowed 21 units/acre,-,Unlisted,01/08/26,Dantin Bruce,,
Identified,Slavia Rd - Oviedo,FL,Orlando - Kissimmee - Sanford,Seminole,Oviedo,32765,23.4,23.4,PD & A-1,Partially,300-350,"$11,500,000",Unlisted,01/07/26,Christian Griffith,,
Identified,I-10 / Louisiana Ave,LA,Lafayette,Lafayette,Lafayette,,29.17,,CH,Yes,25 units/acre,-,Unlisted,03/18/25,Peter Laville,,
Identified,West Pace Village,AL,Auburn - Opelika,Lee,Auburn,36830,130,0,CDD,No,-,Unpriced,Unlisted,03/10/25,Tyler Rabren,,
Identified,South Malbis,AL,Daphne - Fairhope - Foley,Baldwin,Baldwin,36526,315,15,Not Zoned,-,300,"$6,000,000",Unlisted,02/17/25,Dane Haygood,,
Identified,Gateway Development,AL,Auburn - Opelika,Lee,Opelika,36801,21,21,C2,Yes,16 units/acre,Unpriced,Unlisted,02/10/25,Tyler Rabren,,
Identified,Wildlight,FL,Jacksonville,Nassau,Yulee,32097,-,-,-,-,-,Unpriced,Unlisted,07/24/25,Tucker Brooks,,
Identified,Craft Goodman Rd,MS,Memphis,DeSoto,Olive Branch,38654,46.48,?,?,?,-,Unpriced,Unlisted,03/13/24,Wealth Hospitality,,
Identified,Spanish Fort/Loxley,AL,Daphne - Fairhope - Foley,Baldwin,Loxley,36527,27.45,27.45,PUD,Yes,,Unpriced,Unlisted,07/08/21,Nathan Cox (68 Ventrues),,"Part of the ""Golden Triangle Development."" This site is directly north of Biltmore, a residential site that started construction in early June, 2021. It is set to complete between 6-8 years. There is no concrete timeline for Bedrock Blvd to connect to Hwy 59, however it is supposedly in the works."
Identified,Bon Secour,AL,Daphne - Fairhope - Foley,Baldwin,Gulf Shores,36452,19.1,,,,,,,,,,
Identified,Saraland Crossings,AL,Mobile,Mobile,Saraland,36571,11,,MD / R-1,No,-,Unpriced,Unlisted,10/25/23,Crawford Stitt,,
Identified,Canal Road - Will Mills,AL,Daphne - Fairhope - Foley,Baldwin,Orange Beach,36561,12.57,12.57,GB,Yes,28 units/acre,~$22k/unit,Unlisted,04/02/25,Will Mills / Carl Rhodes,,
Identified,Dauphin Way,AL,Mobile,Mobile,Mobile,36608,6.12,6.12,B-1,Yes,25 units/acre,"$4,950,000",Listed,02/21/25,Richard Weavil,,
Identified,Canal Road - Dane Haywood,AL,Daphne - Fairhope - Foley,Baldwin,Orange Beach,36561,106,106,GB,Yes,21 units/acre,"$6,000,000.00",Listed,09/11/23,Dane Daywood,,
Identified,Esplanade Mall,LA,New Orleans - Metairie,Jefferson,Kenner,70065,10.81,,,,,,,06/05/25,Chris Talbot,,
Identified,Waters at Freeport Phase II,FL,Crestview - Fort Walton Beach - Destin,Walton,Freeport,32439,17,17,-,Yes,272,-,Unlisted,10/30/25,Terrell Magee,,
Identified,Newberry Village,FL,Gainesville,Alachua,Gainesville,32605,87.15,-,TND,Yes,1783,-,Unlisted,01/07/26,Greer Scoggins,,
Under Review,Downtown Tally,FL,Tallahassee,Leon,Tallahassee,32301,5,5,CC,Yes,150 units/acre,No Guidance,Listed,01/06/26,Ben Wilkinson,,
Under Review,NW 39th Ave,FL,Gainesville,Alachua,Gainesville,32606,16,16,,Yes,352,"$22,500 per unit",Listed,12/06/25,Dan Drotos,,
Under Review,Perryman Hill Publix,AL,Auburn - Opelika,Lee,Opelika,36804,33.12,33.12,C-2,Yes,16 units/acre,"$150,000 per acre",Unlisted,12/03/25,Tyler Rabren,,
Under Review,St Johns Parkway,FL,Orlando - Kissimmee - Sanford,Seminole,Sanford,32746,16.9,16.9,PD,Yes,21.57 units/acre,"$35,000 per door",Unlisted,12/04/25,Jordan Wean,,
Under Review,Weir Property,AL,Daphne - Fairhope - Foley,Baldwin,Gulf Shores,36542,175,-,PUD,Yes,320,-,Unlisted,11/25/25,68V,,
Under Review,Harveston,LA,Baton Rouge,St George,St George,200,200,15,PUD,Yes,300,$15 PSF,Unlisted,10/31/25,Ty Gose,,
Under Review,Hardwick Farms,TN,Chattanooga,Bradley,Cleveland,37312,-,-,PUD,-,-,-,Unlisted,10/31/25,,,
Under Review,Merrill Land Trust,FL,Destin,Santa Rosa,Navarre,32556,35,35,PBD,Yes,18 units/acre,"$5,500,000",Unlisted,10/18/24,Clay Patrick,,
LOI,Dove Park Rd,LA,New Orleans - Metairie,St Tammany,Covington,70471,11.48,11.48,PBC,Yes,216,"$1,200,000",Listed,11/21/25,Matt Pittman,,
Under Contract,Ruckel Properties,FL,Crestview - Fort Walton Beach - Destin,Okaloosa,Okaloosa,32578,8.3,8.3,MU,Yes,208,"$4,570,500",Unlisted,10/01/25,Dora Cawood,,
Under Contract,The Waters at Sweetbay,FL,Panama City,Bay,Panama City,32405,12.8,12.8,PUD,Yes,288,"$6,000,000",Unlisted,10/01/25,Anthony Giacoia,,
Under Contract,Heights at Fort Walton Beach,FL,Crestview - Fort Walton Beach - Destin,Okaloosa,Fort Walton Beach,32548,7.5,0,CF,No,266,"$5,500,000",Unlisted,04/15/24,Mike Steiner,,
Under Contract,Flats at Cahaba Valley,AL,Birmingham,Shelby,Shelby County,35242,14.53,14.53,B2,No,280,"$5,600,000",Listed,05/06/25,Dan Anderson,,
Under Contract,Waters at Bartlett,TN,Memphis,Shelby,Bartlett,38133,27,0,CH,No,312,"$4,000,000",Listed,05/10/24,John Lichterman,,
Under Contract,Waters at OWA,AL,Daphne - Fairhope - Foley,Baldwin,Foley,36535,15.13,15.13,PDD,Yes,312,$2.20 psf,Unlisted,,,,
CLOSED,The Waters at Covington,LA,New Orleans - Metairie,St. Tammany,Covington,,11,11,A-5,Yes,348,"$3,588,473",,,,,
CLOSED,Conway,LA,Baton Rouge,Ascension,Gonzales,70737,20.08,20.08,R3M,Yes,300,"$4,250,000",Unlisted,12/29/23,,Lost to Competition,
CLOSED,The Waters at Inverness,AL,Birmingham,,Alabama,,15+,,,,,,,,,,
CLOSED,The Waters at Materra,LA,Baton Rouge,East Baton Rouge,Baton Rouge,70817,7,,PUD,,280,"$3,530,000",Unlisted,08/18/20,John Engquist,,Waiting to hear back from Level on this site.
CLOSED,The Heights at Waterpointe,MS,Jackson,Rankin,Flowood,,,,,,,,,,,,
CLOSED,The Waters at Promenade,LA,New Orleans - Metairie,Jefferson,New Orleans,,,,,,,,,,,,
CLOSED,Crosspointe,SC,Columbia,Richland,Columbia,29203,19.98,19.98,PDD,Yes,336,"$15,000 / Unit",Listed,10/16/23,Alex Philips,,
CLOSED,The Waters at Crestview,FL,Crestview - Fort Walton Beach - Destin,Okaloosa,Crestview,32536,23.4,15,C2,No,288,"$3,250,000",Unlisted,08/16/21,Maestri-Murrell,,"Should have two possible points of access: Mirage Ave near Lowe's and Crosson St to the north east which will connect directly to the new Crestview Commons retail site Benchmark is developing. Arena Rd is in the works to be built and it will connect to Hwy 85 right above this site. It will also loop around to give a secondary access route to the interstate. There are existing water and sewer lines, so that shouldn't be an issue. Need to confirm that the electric lines are underground, as there are none overhead.... (8/13/2021) LOI submitted."
CLOSED,The Flats at East Bay,AL,Daphne - Fairhope - Foley,Baldwin,Fairhope,36532,20.19,20.19,,Yes,240,"$3,300,000",Unlisted,03/03/21,Cliff Guidry,,
CLOSED,The Waters at Millerville,LA,Baton Rouge,East Baton Rouge,Baton Rouge,70816,13,13,,Yes,295,"$4,000,000",Unlisted,02/23/21,Prescott Bailey,,"Site is 10 acres, with the option to add up to 12.9 acres. The site has a PUD on it that is approved for up to 320 units."
CLOSED,The Waters at Heritage,LA,Baton Rouge,Ascension,Gonzales,70737,10,10,,No,299,"$4,704,000",Listed,11/23/20,Prescott Bailey,,Price needs to come down.
CLOSED,The Waters at Redstone,FL,Crestview - Fort Walton Beach - Destin,Okaloosa,Crestview,32539,10.2,,,No,240,"$2,000,000",Unlisted,08/07/20,Maestri-Murrell,,Purchase Agreement accepted 10-26-20. Due Dilligence period through 4-26-21.
CLOSED,The Heights at Picardy,LA,Baton Rouge,East Baton Rouge,Baton Rouge,,,,,,205,"$6,250,000",,,,,
CLOSED,The Waters at Ransley II,FL,Pensacola - Ferry Pass - Brent,Escambia,Pensacola,,11.16,11.16,,,296,"$5,104,360",Unlisted,,,,
CLOSED,The Waters at Freeport,FL,Crestview - Fort Walton Beach - Destin,Walton,Freeport,,15,15,C1,,216,,,,,,
CLOSED,The Waters at McGowin,AL,Mobile,,Alabama,,,,B-3,Yes,,,,,,,
CLOSED,The Waters at Bluebonnet,LA,Baton Rouge,East Baton Rouge,Baton Rouge,70808,11,11,,No,324,"$6,648,000",Listed,,,,
CLOSED,The Waters at Settlers Trace,LA,Lafayette,Lafayette,Lafayette,,20,13.5,C1,Partially,348,"$7,000,000",Unlisted,,,,
CLOSED,The Waters at West Village,LA,Lafayette,Lafayette,Scott,,7.96,7.96,,,216,"$3,000,000",,,,,
Rejected,Eastern Shore Center,AL,Mobile,Baldwin,Spanish Fort,36527,8,8,B-3,No,96,"$5,200,000",Listed,01/26/26,David Milstead,Below Target Yield,
Rejected,The Grove,LA,Baton Rouge,East Baton Rouge,Baton Rouge,70836,6.27,6.27,PUD,Yes,183,Unpriced,Listed,01/15/26,Will Chadwick,Site Location,
Rejected,Plant City Ventures LLC,FL,Tampa - St. Petersburg - Clearwater,Hillsborough,Plant City,33567,19.23,19.23,PD,Yes,276,"$18,116 per door",Unlisted,01/06/26,Christian Griffith,Below Target Yield,
Rejected,Kroger Center - North Complex,FL,Tallahassee,Leon,Tallahassee,32301,26,26,AC,Yes,45 units/acre,"$1,000,000 per acre",Unlisted,01/05/26,Dan Dilmanian,Below Target Yield,
Rejected,The Belvedere at Canopy,FL,Tallahassee,Leon,Tallahassee,32308,16,16,PUD,Yes,324,"$6,500,000",Unlisted,08/01/25,Klotz Companies,Land Cost,
Rejected,Gap Creek,FL,North Port-Sarasota-Bradenton,Manatee,Bradenton,34203,38.07,38.07,PD-MU,Yes,216,"$9,000,000",Unlisted,11/17/25,Joshua Roberts,Below Target Yield,
Rejected,The Hub at Grant Mill,AL,Birmingham,Jefferson,Birmingham,35210,51,51,R-4,Yes,330,-,Unlisted,12/11/25,Stone River,Lost to Competition,
Rejected,Wildlight Garden District,FL,Jacksonville,Nassau,Yulee,32034,15.28,15.28,PUD,Yes,-,-,Listed,11/24/25,Tucker Brooks,Below Target Yield,
Rejected,Westmore (Bearing Pointe),FL,Pensacola - Ferry Pass - Brent,Escambia,Pensacola,32502,5.48,5.48,C-2,Yes,,"$10,000,000",Listed,10/30/25,Philip Martin,Lost to Competition,
Rejected,Heights at Oxford,MS,Oxford,Lafayette,Oxford,38655,20.26,20.26,UCO,Yes,64 beds/acre,"$5,250,000",Listed,03/22/24,Fletcher Williams,Entitlements,
Rejected,Space Coast,FL,Daytona,Volusia,Ormond Beach,32117,19.57,19.57,,Yes,517,"$30,000/door",Unlisted,11/11/25,Deane Bryson,Land Cost,
Rejected,Tapestry Park Apartments,FL,Panama City,Bay,Panama City Beach,32407,15,15,PUD,Yes,268,"$6,500,000",Unlisted,07/15/25,Tucker Brooks,Land Cost,
Rejected,Blue Angel Station,FL,Pensacola - Ferry Pass - Brent,Escambia,Pensacola,32506,10.313,10.313,,Yes,25 units/acre,"$4,200,000",Unlisted,07/24/25,Tucker Brooks,Site Location,
Rejected,Arlington PUD,TN,Memphis,Shelby,Arlington,38002,90,-,PUD,Yes,600,Unpriced,Unlisted,12/28/23,Austin Ehrat,Land Cost,
Rejected,Will Harris St,TN,Memphis,Shelby,Arlington,38002,14.36,0,E,No,-,Unpriced,Listed,12/27/23,Austin Ehrat,Site Location,
Rejected,Burbank,LA,Baton Rouge,East Baton Rouge,Baton Rouge,70820,21.5,21.5,,Yes,288,,Unlisted,09/01/20,Kevin Nguyen,Lost to Competition,
Rejected,Gainesville,FL,Gainesville,Alachua,Gainesville,32607,9.5,,RMF-8,Yes,323,"$4,250,000.00",Listed,10/18/23,,Lost to Competition,
Rejected,Lindberg Dr,LA,New Orleans - Metairie,St. Tammany,Slidell,70460,21.53,,,,252,,,,,Below Target Yield,
Rejected,Walnut Grove,TN,Memphis,Shelby,Memphis,,38,,,,,,,,,Site Location,
Rejected,Tillmans Corner Walmart,AL,Mobile,Mobile,Mobile,36619,62.89,36,,Yes,,,Listed,09/27/23,Matt White,Site Location,
Rejected,Copper Creek Phase II,TN,Jackson-Humboldt,Madison,Jackson,38305,9.78,9.78,,Yes,230,Unpriced,Unlisted,12/28/23,Austin Ehrat,Site Location,
Rejected,Ramananda,FL,Destin,Okaloosa,Destin,32541,9.18,9.18,TCMU,Yes,220,Unpriced,Unlisted,10/03/24,Bobby Parish,Land sold,
Rejected,Kore Mobile Midtown,AL,Mobile,Mobile,Mobile,36606,19.64,19.64,R-3,Yes,264,Unpriced,Unlisted,07/25/24,Holder Nevins,Under Construction,
Rejected,The Bradbury - Mesa Capital Partners,FL,Tallahassee,Leon,Leon,32312,16,16,LPN,Yes,8 units/acre,Unpriced,Unlisted,02/10/25,Mesa Capital Partners,Site Location,
Rejected,Hwy 90 Pace - 68Ventures,FL,Pensacola - Ferry Pass - Brent,Santa Rosa,Pace,32571,22.07,22.07,HCD,Yes,10 units/acre,Unpriced,Unlisted,02/10/25,68Ventures,68V lost control of site,
Rejected,Village Oaks,FL,Pensacola - Ferry Pass - Brent,Escambia,Pensacola,32504,11.6,11.6,HC/LI,Yes,290,"$1,250,000",Unlisted,02/17/25,Rick Appleyard,Site Location,
Rejected,The Glades,FL,Panama City,Bay,Panama City Beach,32407,18.59,18.59,CH,Yes,270,"$40,000/door",Unlisted,03/12/25,Mike Steiner,Land Cost,
Rejected,Godley Station PUD,GA,Savannah,Chatham,Savannah,31407,224,24,PUD,Yes,336,"$25,000/door",Listed,03/13/25,John Gilbert,New sheet for NC/SC Sites,
Rejected,12000 S Tyron St,NC,Charlotte - Concord - Gastonia,Mecklenburg,Charlotte,28273,25,0,Residential,No,-,$700k/acre,Unlisted,07/15/24,Dac Carver,New sheet for NC/SC Sites,
Rejected,99999 Asheville Rd,NC,Asheville,Buncombe,Asheville,37021,26.5,0,EMP,No,-,Unpriced,Unlisted,07/15/24,Dac Carver,New sheet for NC/SC Sites,
Rejected,Pope Properties on 17 LLC,NC,Wilmington,New Hanover,Harnett,28411,11.83,0,R15,No,-,-,Unlisted,07/08/24,David Branton,New sheet for NC/SC Sites,
Rejected,Georgia Square Mall Redevelopment,GA,Athens,Clarke,Athens,30622,-,-,-,-,-,-,-,07/08/24,The Levean Group,New sheet for NC/SC Sites,
Rejected,The Preserve Drive,GA,Athens,Clarke,Athens,30606,66.26,66.26,FM-2,Yes,24 units/acre,Unpriced,Unlisted,07/08/24,Ben Thompson,New sheet for NC/SC Sites,
Rejected,Holiday Drive,SC,Charleston,Berkeley,Summerville,29483,13.59,13.59,GC,Yes,10 units/acre,"$6,000,000",Listed,06/12/24,Hunter Hartley,New sheet for NC/SC Sites,
Rejected,Newnan Crossing Parkway,GA,Atlanta,Coweta,Newnan,30625,10.48,0,CSS,No,-,"$10,218,000",Listed,06/10/24,Keith Brady,New sheet for NC/SC Sites,
Rejected,Crossroads Parkway,GA,Savannah,Chatham,Savannah,31408,14.82,0,BC,No,-,"$10,000,000",Listed,06/10/24,Adam Bryant,New sheet for NC/SC Sites,
Rejected,319 Turtle Pond Road,SC,Charleston,Berkeley,Berkeley,29483,36,0,,No,-,"$7,000,000",Listed,12/20/24,Donald Evans,New sheet for NC/SC Sites,
Rejected,Kingsland Commercial & Entertainment District,GA,St Marys,Camden,Kingsland,31548,640,63,PUD,Yes,1312,Unpriced,Unlisted,12/18/24,Brian Savage,New sheet for NC/SC Sites,
Rejected,Hwy 27 Riverside,NC,Charlotte - Concord - Gastonia,Mecklenburg,Paw Creek,28214,101,17,MX-2,Yes,300-360,Unpriced,Unlisted,09/26/24,Alex Phillips,New sheet for NC/SC Sites,
Rejected,Pruitt Health Advantage Way,NC,Winston Salem,Forsyth,Winston-Salem,27103,16.85,0,GO-L,No,-,Unpriced,Unlisted,09/26/24,Pruitt Health,New sheet for NC/SC Sites,
Rejected,Stantonsburg-B's BBQ Road,NC,Greenville,Pitt,Greenville,27834,50.3,50.3,MR,Yes,17 units/acre,"$5,000,000",Listed,08/15/24,Debbie Barber,New sheet for NC/SC Sites,
Rejected,Vantage at Summerville,,Charleston,Dorchester,Summerville,29483,22.96,22.96,,Yes,264,"$15,000/door",Listed,09/23/24,Caleb Troop,New sheet for NC/SC Sites,
Rejected,Steele Creek Limited Partnership,NC,Charlotte - Concord - Gastonia,Mecklenburg,Charlotte,28278,13.47,0,BP (CD),No,-,Unpriced,Unlisted,04/15/24,Forde Britt,New sheet for NC/SC Sites,
Rejected,Porters Neck Rd,NC,Wilmington,New Hanover,New Hanover,28411,55,0,,No,-,"$12,000,000",Unlisted,03/28/24,David Branton,New sheet for NC/SC Sites,
Rejected,Nelson Shipyard,NC,Wilmington,New Hanover,Wilmington,28403,40.86,-,-,-,-,Unpriced,Unlisted,03/25/24,David Branton,New sheet for NC/SC Sites,
Rejected,Dr. Sobel #1 Carolina Beach Rd,NC,Wilmington,New Hanover,Silver Lake,28412,23.44,0,-,No,-,Unpriced,Unlisted,03/25/24,David Branton,New sheet for NC/SC Sites,
Rejected,Funston Brunswick Village,NC,Wilmington,Brunswick,Leland,28451,95.82,-,C2 / PUD,No,-,Unpriced,Unlisted,03/25/24,David Branton,New sheet for NC/SC Sites,
Rejected,Cameron Properties / Middleburg Communities,NC,Wilmington,New Hanover,Wilmington,28412,20,20,MD-17(CD),Yes,290,Unpriced,Unlisted,03/05/24,David Branton,New sheet for NC/SC Sites,
Rejected,Maplewood & Glenwood Dr,NC,Charlotte - Concord - Gastonia,Gaston,Gastonia,28054,14.6,0,,No,-,Unpriced,Unlisted,02/26/24,David Hidell,New sheet for NC/SC Sites,
Rejected,I-85 & Lane St,NC,Charlotte - Concord - Gastonia,Cabarrus,Kannapolis,28083,35,35,,Yes,266,Unpriced,Unlisted,02/26/24,Forde Britt,New sheet for NC/SC Sites,
Rejected,Triad Village,NC,Greensboro - High Point,Guilford,Fentress,27406,30,18.9,,Yes,360,"$18,500/unit",Unlisted,02/26/24,Forde Britt,New sheet for NC/SC Sites,
Rejected,Vista & Elida,NC,Charlotte - Concord - Gastonia,Mecklenburg,Matthews,28105,17.3,17.3,MUD,Yes,332,Unpriced,Unlisted,02/26/24,Hunter Barron,New sheet for NC/SC Sites,
Rejected,Summerfield Crossing,NC,Raleigh-Cary,Wake,Raleigh,27610,32.92,32.92,R6 / R10,Yes,385,Unpriced,Listed,02/15/24,Karl Hudson,New sheet for NC/SC Sites,
Rejected,Hopeton Landing,GA,Savannah,Chatham,Hendersonville,31419,20,20,,Yes,,,Unlisted,12/15/23,John Gilbert,New sheet for NC/SC Sites,
Rejected,Citadel Mall Redevelopment,SC,Charleston,Charleston,Charleston,29407,80,6,PUD,,,Unpriced,Unlisted,12/04/23,Mark Masachi,New sheet for NC/SC Sites,
Rejected,Hwy 68 - Deep River Partners,NC,Greensboro - High Point,Guilford,High Point,27265,55,33,,Yes,520,Unpriced,Unlisted,11/28/23,,New sheet for NC/SC Sites,
Rejected,Carolina Point - TD Bank,SC,Greenville - Anderson,Greenville,Greenville,29607,10.96,0,CM,No,-,Unpriced,Unlisted,11/22/23,,New sheet for NC/SC Sites,
Rejected,Premier Center,NC,Greensboro - High Point,Guilford,High Point,27265,13.54,0,LI,No,-,Unpriced,Listed,11/21/23,Forde Britt,New sheet for NC/SC Sites,
Rejected,Patewood Medical District,SC,Greenville - Anderson,Greenville,Greenville,29615,10.48,0,CM,No,-,Unpriced,Unlisted,11/20/23,,New sheet for NC/SC Sites,
Rejected,Ayrsley Town Blvd,NC,Charlotte - Concord - Gastonia,Mecklenburg,Charlotte,28273,19.09,0,MUDD-0,No,-,Unpriced,Unlisted,11/20/23,,New sheet for NC/SC Sites,
Rejected,Waverly Shopping Center #1,NC,Charlotte - Concord - Gastonia,Mecklenburg,Charlotte,28105,17+,17+,R-12MF,Yes,12 units/acre,Unpriced,Unlisted,11/20/23,,New sheet for NC/SC Sites,
Rejected,Forr Places Pooler Pkwy,GA,Savannah,Chatham,Pooler,31322,111,10,R-1-A,No,300,Unpriced,Unlisted,04/02/24,Amar Allampati,New sheet for NC/SC Sites,
Rejected,The Pointe Collette Capital,NC,Wilmington,New Hanover,Wilmington,28412,5.5,5.5,,Yes,299,$20k/unit,Unlisted,02/29/24,Joe Hollmeyer,New sheet for NC/SC Sites,
Rejected,Hobby Lobby,NC,Hickory - Lenoir - Morganton,Catawba,Hickory,28658,15.15,15.15,C-3,Yes,454,"$5,286,000",Listed,09/18/24,-,New sheet for NC/SC Sites,
Rejected,900 Moye Blvd,NC,Greenville,Pitt,Greenville,27834,10,9.16,MCH,Yes/No,280,"$5,000,000",Listed,08/15/24,Debbie Barber,New sheet for NC/SC Sites,
Rejected,Robinwood Rd,NC,Hickory - Lenoir - Morganton,Catawba,Hickory,28658,31.22,0,C-3,No,250,Unpriced,Unlisted,03/11/24,Todd Akers,New sheet for NC/SC Sites,
Rejected,Summers Corner,SC,Charleston - North Charleston - Summerville,Dorchester,Summerville,29472,15,15,PD,Yes,300,"$18,500/unit",Unlisted,01/24/24,Fritz Meyer,New sheet for NC/SC Sites,
Rejected,Waypointe Marina Pkwy,SC,Myrtle Beach - Conway - North Myrtle Beach,Horry,Myrtle Beach,29577,14.41,14.41,MU-H,Yes,360,"$24,000/unit",Listed,01/02/24,Alex Phillips,New sheet for NC/SC Sites,
Rejected,Carolina Point Pkwy,SC,Greenville - Anderson,Greenville,Greenville,29607,37,-,PD,Yes,-,Unpriced,Unlisted,11/20/23,,New sheet for NC/SC Sites,
Rejected,Southpoint,SC,Hilton Head Island - Bluffton,Jasper,Hardeeville,29927,300,-,PUD,Yes,264-288,"$30,000/unit",Unlisted,02/06/24,Kevin Farruggio,New sheet for NC/SC Sites,
Rejected,Collett Capital - Harrisburg Rd,NC,Charlotte - Concord - Gastonia,Mecklenburg,Crab Orchard,28215,15.7,15.7,,Yes,276,$15-18.5k/unit,Unlisted,02/26/24,Joe Hollmeyer,New sheet for NC/SC Sites,
Rejected,Pooler Towne Center,GA,Savannah,Chatham,Pooler,31322,15,15,PUD,Yes,360,"$30,000/unit",Unlisted,01/25/25,Erika Maston,New sheet for NC/SC Sites,
Rejected,Research Park,NC,Charlotte - Concord - Gastonia,Mecklenburg,Charlotte,28262,16.96,16.96,,Yes,,,Unlisted,03/15/25,-,New sheet for NC/SC Sites,
Rejected,Johnston Street,LA,Lafayette,Lafayette,Lafayette,70503,15.4,-,-,-,-,-,Listed,06/05/25,,,
Rejected,Lake Gibson,FL,Lakeland,Polk,Lakeland,33809,24.87,24.87,PUD,Yes,320,"$10,000,000",Unlisted,06/09/25,Jordan Wean,Land Cost,
Rejected,Grand River Development,AL,Birmingham,Jefferson,Leeds,35094,50,50,PUD,Yes,370,"$22,500/door",Unlisted,04/28/25,Mitchell Reilly,Site Location,
Rejected,The Belvedere at Canopy,FL,Tallahassee,Leon,Tallahassee,32308,16.01,16.01,PUD,Yes,329,"$10,000,000",Unlisted,05/06/25,,Land Cost,
Rejected,Town Center at Palm Coast,FL,Daytona,Flagler,Palm Coast,,-,-,PUD,Yes,496,~$15k/door,Unlisted,04/04/25,Walker Douglas,Below Target Yield,
Rejected,Old Madison Turnpike,AL,Huntsville,Madison,Madison,35758,42,33.6,R4,Yes,12 units/acre,$175k/acre,Listed,04/03/25,Drew Mixson,Supply,
Rejected,ArchCo Residential,AL,Auburn - Opelika,Lee,Auburn,36830,26,26,PDD,Yes,250,"$20,000/unit",Unlisted,05/23/24,Drew Mixon,Site Location,
Rejected,Juniper Street Apartments,AL,Daphne - Fairhope - Foley,Baldwin,Foley,36535,21.55,21.55,PUD,Yes,400,"$17,250/unit",Listed,03/27/25,Charlie Guy,Land Cost,
Rejected,Momentum Church,FL,Pensacola - Ferry Pass - Brent,Santa Rosa,Midway,32563,20.2,20.2,PCB,Yes,18 units/acre,-,Unlisted,03/26/25,Gayle (w/ Church),Site Location,
Rejected,Stephens Church Road,NC,Wilmington,New Hanover,Harnett,28411,8.07,,,,,"$3,200,000",Listed,03/26/25,David Branton,Site Location,
Rejected,NW 44th Ave,FL,Ocala,Marion,Ocala,34482,23.05,23.05,,Yes,360,Unpriced,Listed,03/19/25,Tucker Brooks,Site Location,
Rejected,The Landings at West View,FL,Jacksonville,Duval,Jacksonville,32210,10,10,,Yes,240,"$22,500/door",Listed,03/12/25,Franklin Street,Site Location,
Rejected,Stirling Malbis,AL,Daphne - Fairhope - Foley,Baldwin,Daphne,36526,42.56,42.56,RA,Yes,288,"$5,850,000",Unlisted,03/06/25,Andrew Dickman,Land Cost,
Rejected,Burbank - Southland Trace,LA,Baton Rouge,East Baton Rouge,Baton Rouge,70820,33,0,R,No,-,"$7,927,920",Unlisted,11/04/24,Windy,Site Location,
Rejected,Bluffs at Lafayette,FL,Crestview - Fort Walton Beach - Destin,Walton,Freeport,32439,22.17,22.17,,Yes,323,-,Listed,02/18/25,David Etchison,Site Location,
Rejected,9 Mile & Sandpiper,FL,Pensacola - Ferry Pass - Brent,Escambia,Pensacola,32514,5.41,5.41,Com,Yes,25 units/acre,"$1,000,000",Unlisted,02/17/25,Rick Appleyard,Site Location,
Rejected,The Landings,AL,Auburn - Opelika,Lee,Opelika,36804,17,,C2,No,-,"$100,000 / Acre",Unlisted,11/23/20,Ray Jones,Entitlements,Purchase Agreement received.
Rejected,Dr. Koltis,NC,Greenville,Pitt,Greenville,27834,8.75,0,MO,No,-,Unpriced,Unlisted,11/04/24,Dr Gordon Koltis,Land Cost,
Rejected,Burlington Mills,NC,Raleigh-Cary,Wake,Wake Forest,27587,16.87,16.87,MF,Yes,346,Unpriced,Listed,12/18/24,Chester Allen,Below Target Yield,
Rejected,Keller Master Plan,GA,Savannah,Chatham,Pooler,31419,279,38,,No,503,Unpriced,Listed,11/22/24,Adam Bryant,Entitlements,
Rejected,Hall of Fame Drive,FL,Gainesville-Lake City,Columbia,Lake City,32055,19.12,19.12,PUD,Yes,192,Unpriced,Listed,12/02/24,David Etchison,Site Location,
Rejected,Rowan Oak,AL,Daphne - Fairhope - Foley,Baldwin,Daphne,36526,134,17.5,RMF-6,Yes,204,Unpriced,Unlisted,11/25/24,68 Ventures,Site Location,
Rejected,DOT Barn Road,GA,Savannah,Chatham,Bloomingdale,31302,23.45,0,RA-1,No,276,$16k/door,Unlisted,11/08/24,Adam Bryant,Land Cost,
Rejected,Exley,GA,Savannah,Chatham,Port Wentworth,31407,65.69,21.75,RMF,Yes,,"$6,000,000",Listed,10/17/24,Adam Bryant,Site Location,
Rejected,BLK Mobile Highway,FL,Pensacola - Ferry Pass - Brent,Escambia,Pensacola,32505,15.95,15.95,Com,Yes,25 units/acre,,Listed,11/04/24,David Etchison,Site Location,
Rejected,Chemstrand Apartments,FL,Pensacola - Ferry Pass - Brent,Escambia,Pensacola,32534,7.05,7.05,HDMU,Yes,176,Unpriced,Listed,11/04/24,Tucker Brooks,Entitlements,
Rejected,Hanover Reserve,NC,Wilmington,New Hanover,Harnett,28411,62,14.75,PUD,Yes,312,"$16,000,000",Listed,10/22/24,David Branton,Site Location,
Rejected,Gateway Savannah,GA,Savannah,Chatham,Pooler,,13,0,,No,-,"$15,000/door",Unlisted,10/10/24,Adam Bryant,Site Location,
Rejected,IBM Drive,NC,Charlotte - Concord - Gastonia,Mecklenburg,Charlotte,28262,17.95,17.95,R-17MF,Yes,260,"$20,000/door",Unlisted,10/10/24,Caleb Troop,Below Target Yield,
Rejected,Naman Hotels,SC,Charleston,Charleston,West Ashley,29414,13.56,13.56,GB,Yes,26.4 units/acre,Unpriced,Unlisted,09/19/24,Amar Patel,Land Cost,
Rejected,Lakeshore Villages,LA,New Orleans - Metairie,St Tammany,Slidell,70461,12,12,PUD,Yes,300,"$2,000,000",Listed,10/01/24,Denis Murrell,Below Target Yield,
Rejected,Downtown Fletcher,NC,Asheville,Henderson,Fletcher,28732,16,0,R1 / C2,No,-,$300k/acre,Unlisted,07/15/24,Dac Carver,Entitlements,
Rejected,Evolve Cos - Mooresville,NC,Charlotte - Concord - Gastonia,Mecklenburg,Mooresville,,,,,,,Unpriced,Unlisted,12/20/23,Jack Campbell,Lost to Competition,
Rejected,Costco Wendover Ave,NC,Greensboro - High Point,Guilford,Greensboro,27407,21,0,HI,No,-,Unpriced,Unlisted,11/20/23,,,
Rejected,Dawson Phase 2,LA,Baton Rouge,East Baton Rouge,Baton Rouge,70808,5.94,,,,183,,Unlisted,04/14/21,Dantin Bruce,Entitlements,
Rejected,Monticello Commons,,Asheville,Buncombe,Weaverville,28787,23.5,0,C2,No,-,Unpriced,Unlisted,08/05/24,Dac Carver,Land Cost,
Rejected,Stoneweg,FL,Jacksonville,Clay,Middleburg,32068,22.39,22.39,BFPUD,Yes,316,Unpriced,Unlisted,09/26/24,David Huey,Site Location,
Rejected,Walnut Grove Road,TN,Memphis,Shelby,Shelby,38018,106.16,32,PUD,Yes,372,"$13,000/unit",Unlisted,03/21/24,Austin Ehrat,Site Location,
Rejected,Kannapolis City Hall,NC,Charlotte - Concord - Gastonia,Cabarrus,Kannapolis,28081,20,20,CC,Yes,No limit,"$15,00/door",Listed,12/11/23,Thomas Auer,Lost to Competition,
Rejected,Bearing Point Airport Rd,FL,Pensacola - Ferry Pass - Brent,Escambia,Pensacola,32503,7.85,7.85,,Yes,200,"$25,000/unit",Unlisted,08/07/24,John Buzzell,Below Target Yield,
Rejected,68V Navy Crossing,FL,Pensacola - Ferry Pass - Brent,Escambia,Pensacola,32506,45.02,23.74,HC,Yes,252,"$16,500/unit",Unlisted,09/19/24,Nathan Cox (68 Ventrues),Below Target Yield,
Rejected,Ox Bottom Meadows,FL,Tallahassee,Leon,Tallahassee,32312,17,17,C-3,Yes,300,$7.5M,Listed,01/23/24,Al Russell,Lost to Competition,
Rejected,Highlands PUD,GA,Savannah,Chatham,Savannah,31322,27.77,27.77,PUD,Yes,336,$28k/unit,Unlisted,09/09/24,Alex Phillips,Land Cost,
Rejected,Market Street,NC,Wilmington,New Hanover,Porters Neck,28411,32,0,R-15,No,-,Unpriced,Unlisted,08/21/24,David Branton,Entitlements,
Rejected,Sweeten Creek Rd,NC,Asheville,Buncombe,Asheville,37021,16.7,0,RS8 / CI,No,-,Unpriced,Unlisted,07/11/24,Dac Carver,Site Location,
Rejected,95 W Oakview Rd,NC,Asheville,Buncombe,Asheville,28806,16.88,16.88,RS-2,Yes,200,$350k/acre,Unlisted,07/08/24,Dac Carver,Site Location,
Rejected,Savannah Gateway,GA,Savannah,Chatham,Port Wentworth,31407,22.41,15.38,MF,Yes,288,"$25,000/unit",Unlisted,01/25/24,John Gilbert,Lost to Competition,
Rejected,HD Companies Mixed Use,GA,Savannah,Chatham,Pooler,31322,21.11,0,,No,-,"$9,500,000",Listed,06/13/24,Adam Bryant,Supply,
Rejected,Sweeten Creek & Carrington Pl,NC,Asheville,Buncombe,Ardan,28704,12.43,12.43,RM-16,Yes,198,"$3,200,000",Listed,08/05/24,Dac Carver,Entitlements,
Rejected,Sedgefield Plantation,NC,Greensboro,Guilford,Greensboro,27407,42,-,PUD,-,-,Unpriced,Unlisted,07/15/24,Craig Davis Properties,Lost to Competition,
Rejected,415 Indian Trail S,NC,Charlotte - Concord - Gastonia,Union,Indian Trail,28079,11.2,6,DTD,Yes,-,"$2,810,000",Priced,07/24/24,Caren Wingate,Entitlements,
Rejected,Green Level Church Road,NC,Raleigh-Cary,Wake,Cary,27519,19.8,0,Industrial/Offic,No,0,$350k/acre,Listed,07/08/24,Cole Pennell,Entitlements,
Rejected,Gate Parkway West,FL,Jacksonville,Duval,Jacksonville,32216,68.27,,PUD,Yes,,"$7,500,000",Listed,07/08/24,Miro Lakic,Entitlements,
Rejected,Savannah Mall,GA,Savannah,Chatham,Savannah,31419,38.76,0,B-C,No,-,"$20,000,000",Unlisted,06/28/24,Adam Bryant,,
Rejected,120 Charlotte St,NC,Asheville,Buncombe,Asheville,28801,2.34,2.34,CBI,Yes,211,"$6,000,000",Unlisted,06/26/24,Ben Thompson,Entitlements,
Rejected,Nexton Publix,SC,Charleston,Berkeley,Goose Creek,29483,13.24,13.24,MF,Yes,-,"$23,000/unit",Unlisted,04/22/24,Seth Clark,Lost to Competition,
Rejected,Collett Capital - Indian Land,SC,Charlotte - Concord - Gastonia,Lancaster,Lancaster,29707,9,9,-,-,-,"$50,000/unit",Unlisted,04/30/24,William DuBose,Land Cost,
Rejected,Collett Capital - Green River,NC,Greensboro - High Point,Guilford,Deep River,37081,32.85,32.85,PUD,Yes,-,"$15,000/unit",Unlisted,04/30/24,Joe Hollmeyer,Lost to Competition,
Rejected,Maison 264,AR,Northwest Arkansas,Benton,Lowell,72745,15.25,15.25,C-2,Yes,204,Unpriced,Listed,06/21/24,Martin Bynum,Site Location,
Rejected,Abberly Rise LLC,NC,Greensboro - High Point,Guilford,Greensboro,27409,13.68,-,PUD,-,-,Unpriced,Unlisted,04/15/24,Forde Britt,Lost to Competition,
Rejected,Willows at Burlington,NC,Burlington,Alamance,Burlington,27215,6.4,6.4,PD,Yes,211,"$8,500,000",Listed,06/20/24,Alex Phillips,Land Cost,
Rejected,Oak Bluff,GA,Savannah,Bulloch,Statesboro,30458,38.86,14,PUD,Yes,330,"$9,500,000",Listed,06/19/24,Mandy Zanski,Site Location,
Rejected,400 West Apartments,FL,Pensacola - Ferry Pass - Brent,Escambia,Pensacola,32534,11.78,10.02,MDR,Yes,250,,Unlisted,06/18/24,Bradley Coe,Site Location,
Rejected,Leland Town Center,NC,Wilmington,Brunswick,Leland,28451,31.46,14,C2,No,-,"$20,000/unit",Unlisted,03/25/24,David Branton,Supply,
Rejected,Gilcrest Farm Rd,NC,Raleigh-Cary,Wake,Wake Forest,27587,14,14,RMX,Yes,25 units/acre,"$20,000/unit",Listed,06/10/24,-,Supply,
Rejected,Hwy 133,NC,Southport,Brunswick,Brunswick,28461,46.71,46.71,CLD,Yes,13.6 units/acre,"$5,200,000",Listed,03/28/24,Mason Watkins,Lost to Competition,
Rejected,Hwy 3,NC,Charlotte - Concord - Gastonia,Cabarrus,Kannapolis,28081,22.74,22.74,?,?,304,$25k/unit,Unlisted,04/05/24,Todd Akers,Site Location,
Rejected,Greengate Northpark,LA,New Orleans - Metairie,St. Tammany,Covington,70433,35.25,,,,,,,,Barry Spizer,Site Location,
Rejected,Little Rock Bancorp,AR,Little Rock - North Little Rock - Conway,Pulaski,Little Rock,,,,,,,,,,,Lost to Competition,
Rejected,Little Rock Gateway,AR,Little Rock - North Little Rock - Conway,Pulaski,Little Rock,,,,,,,,,,,Lost to Competition,
Rejected,Northside Drive,SC,Charleston,Charleston,North Charleston,29420,11.448,11.448,?,?,280,"$15,000-$19,000",Unlisted,05/20/24,Alex Phillips,Site Location,
Rejected,Thompson Rd Extension,AL,Auburn - Opelika,Lee,Opelika,36801,19,0,PUD,-,-,"$375,000/acre",Listed,05/20/24,Gene Cody,Site Location,
Rejected,Belltown Apartments,TN,Greater Knoxville,Knox,Knox,37849,10,10,,Yes,324,"$18,000/unit",Unlisted,05/23/24,Drew Mixon,Site Location,
Rejected,Pellissippi Place,TN,Greater Knoxville,Blount,Alcoa,37804,-,-,,Yes,450,"$20,000/unit",Unlisted,05/23/24,Drew Mixon,Site Location,
Rejected,Simon Prop Group - Hwy 98,FL,Panama City,Bay,Panama City Beach,32413,27,27,CH,Yes,45 units/acre,Unpriced,Unlisted,05/23/24,,Lost to Competition,
Rejected,Stadium Trace,AL,Birmingham-Hoover,Jefferson,Hoover,35244,64,,A-1,No,-,Unpriced,Unlisted,09/18/23,Ray Jones,Site Location,
Rejected,Santa Rosa Commons,FL,Pensacola - Ferry Pass - Brent,Santa Rosa,Pace,32571,12.83,11.83,R3,Yes,18 units/acre,"$3,500,000",Listed,03/20/24,Trey Potts,Below Target Yield,
Rejected,Scott Bridge - SLABCO LLC,AL,Auburn - Opelika,Lee,Opelika,36801,20,0,-,No,-,Unpriced,Unlisted,04/08/24,Tyler Rabren,Lost to Competition,
Rejected,Ward Family Land,AL,Auburn - Opelika,Lee,Lee,36804,25,0,-,No,-,Unpriced,Unlisted,04/08/24,Tyler Rabren,Land Cost,
Rejected,Fox Run,AL,Auburn - Opelika,Lee,Opelika,36801,20.27,0,C2,No,-,"$2,100,000",Unlisted,05/20/24,Ray Jones,Site Location,
Rejected,Veterans & Pepperell,AL,Auburn - Opelika,Lee,Opelika,36801,17,0,C2,No,-,"$1,800,000",Unlisted,04/24/24,Tyler Rabren,Site Location,
Rejected,MDI Mgmt,NC,Southport,Brunswick,Southport,28461,48.01,-,PUD,-,-,Unpriced,Unlisted,04/03/24,David Koppenhafer,Site Location,
Rejected,Wendell Village,NC,Raleigh-Cary,Wake,Wendell,27591,21.33,21.33,CMX,Yes,398,-,Listed,05/13/24,Moss Withers,Site Location,
Rejected,Trinity at Green View Corners,NC,Charlotte - Concord - Gastonia,Cabarrus,Kannapolis,28027,14.6,14.6,PD & R-18CZ,Yes,240,"$35,000/unit",Listed,04/27/24,Matt Weinstein,Site Location,
Rejected,Max Leggett Pkwy,FL,Jacksonville,Duval,Jacksonville,32226,21.87,0,LI,No,-,"$3,250,000",Unlisted,05/09/24,Tucker Brooks,Below Target Yield,
Rejected,Medical District Flats at ECU,NC,Greenville,Pitt,Greenville,37147,21.89,21.89,MR,Yes,320,Unpriced,Listed,05/02/24,Matt Weinstein,Below Target Yield,
Rejected,Walnut Village,SC,Augusta - Richmond County,Aiken,North Augusta,29860,18.98,18.98,GC,Yes,306,$10-13k/unit,Listed,04/27/24,Alex Phillips,Below Target Yield,
Rejected,The Views at Bryton,NC,Charlotte - Concord - Gastonia,Mecklenburg,Huntersville,28078,35.62,35.62,TOD-R,Yes,318,"$30,000/unit",Unlisted,04/17/24,Alex Phillips,Supply,
Rejected,Entrada St Augustine,FL,Jacksonville,St John,St John,32084,10.75,0,PUD,No,0,"$5,600,000",Listed,04/17/24,Jason Ryals,Entitlements,
Rejected,Dixie River Rd,NC,Charlotte - Concord - Gastonia,Mecklenburg,Charlotte,28273,32,0,UR-2(CD),No,-,Unpriced,Unlisted,11/20/23,Forde Britt,Entitlements,
Rejected,Shiloh I LLC,NC,Charlotte - Concord - Gastonia,Mecklenburg,Charlotte,28105,25+,0,N1-A,No,-,Unpriced,Unlisted,11/20/23,Forde Britt,Lost to Competition,
Rejected,Battleground Acquisition LLC,NC,Greensboro - High Point,Guilford,Greensboro,27410,11.9,0,-,No,-,Unpriced,Unlisted,04/15/24,Forde Britt,Entitlements,
Rejected,Mt Holly Huntersville Rd,NC,Charlotte - Concord - Gastonia,Mecklenburg,Charlotte,28216,48.74,0,-,No,-,Unpriced,Unlisted,04/15/24,Forde Britt,Lost to Competition,
Rejected,Robert Waddell - 13224 Steele Creek Rd,NC,Charlotte - Concord - Gastonia,Mecklenburg,Charlotte,28278,24.1,0,-,No,-,Unpriced,Unlisted,04/15/24,Forde Britt,Lost to Competition,
Rejected,McKee Road,NC,Charlotte - Concord - Gastonia,Mecklenburg,Charlotte,28270,14.2,0,-,No,-,Unpriced,Unlisted,04/15/24,Forde Britt,Lost to Competition,
Rejected,Arthur Family Property,TN,Memphis,Shelby,Germantown,38138,38,38,T5,Yes,-,Unpriced,Listed,04/08/24,Les Binkley,Entitlements,
Rejected,Big Kahuna,FL,Crestview - Fort Walton Beach - Destin,Okaloosa,Destin,32541,10.36,10.36,Town Center Mixed Use,Yes,24 units/acre,"$12,000,000",Listed,04/03/24,Maxwell Bruner,Below Target Yield,
Rejected,Southgate,NC,Charlotte - Concord - Gastonia,Union,Indian Trail,28079,15.17,15.17,PUD,Yes,240,"$15,000/unit",Unlisted,03/28/24,Todd Akers,Site Location,
Rejected,N Kerr Ave,NC,Wilmington,New Hanover,Wilmington / New Hanover,28405,11.23,0,-,No,-,"$3,250,000",Listed,03/28/24,Mason Watkins,Site Location,
Rejected,Cameron Brunswick Village,NC,Wilmington,Brunswick,Leland,28451,1441,-,SBR-6000,No,-,Unpriced,Unlisted,03/25/24,David Branton,Lost to Competition,
Rejected,Dr. Sobel #2 Carolina Beach Rd,NC,Wilmington,New Hanover,Silver Lake,28412,29.04,0,-,No,-,Unpriced,Unlisted,03/25/24,David Branton,Entitlements,
Rejected,Clara Ave / 293A,FL,Panama City,Bay,Panama City Beach,32407,28.89,?,CH,?,-,"$650,000/acre",Unlisted,03/15/24,Ken Spivey,Lost to Competition,
Rejected,Atlantic North Shopping Center,FL,Jacksonville,Duval,Jacksonville,32225,27.77,27.77,PUD,Yes,260,Unpriced,Unlisted,03/13/24,JLL Jax,Entitlements,
Rejected,Albright Commons,SC,Charlotte - Concord - Gastonia,York,Rock Hill,29730,47.9,17,,Yes,250,Unpriced,Unlisted,03/08/24,Todd Akers,Site Location,
Rejected,Bumcombe Rd,SC,Greenville - Spartanburg,Greenville,Greenville,29609,9.48,0,Industrial,No,250-300,"$6,500,000",Listed,03/05/24,Grayson Burgess,Site Location,
Rejected,Medical Center Drive,SC,Hilton Head Island - Bluffton,Jasper,Hardeeville,29927,21.19,21.19,,Yes,360,"$25,000/unit",Unlisted,03/04/24,Kevin Farruggio,Lost to Competition,
Rejected,Concord Mills,NC,Charlotte - Concord - Gastonia,Cabarrus / Mecklenburg,Concord,28027,11,11,,Yes,242,"$35,000/unit",Unlisted,03/04/24,Hunter Barron,Site Location,
Rejected,Vista Krefeld,NC,Charlotte - Concord - Gastonia,Mecklenburg,Charlotte,28227,14.79,14.79,MF,Yes,320,$20-25k/unit,Unlisted,02/26/24,Hunter Barron,Site Location,
Rejected,Charlotte Speedway,NC,Charlotte - Concord - Gastonia,Mecklenburg,Crab Orchard,28262,85,-,,Yes,-,Unpriced,Unlisted,02/26/24,Forde Britt,Site Location,
Rejected,LAO S Tyron St,NC,Charlotte - Concord - Gastonia,Guilford,Charlotte,28217,7,7,,Yes,-,Unpriced,Unlisted,02/26/24,Forde Britt,Site Location,
Rejected,Costco Tyvola Rd,NC,Charlotte - Concord - Gastonia,Mecklenburg,Charlotte,28217,7.17,0,,Yes,300,"$50,000/unit",Unlisted,02/26/24,Forde Britt,Land Cost,
Rejected,Pooler Costco - Mosaic Group,GA,Savannah,Chatham,Pooler,31322,39.6,0,-,No,-,Unpriced,Unlisted,02/19/24,John Gilbert,Land Cost,
Rejected,Meadowbrook Corporate Drve,AL,Birmingham,Shelby,Hoover,35242,21.09,0,Planned Office,No,-,Unpriced,Unlisted,02/15/24,,Site Location,
Rejected,Edgewater Commons,NC,Raleigh-Cary,Wake,Raleigh,27610,10.6,10.6,CX,Yes,-,Unpriced,Unlisted,02/15/24,,Site Location,
Rejected,Stinson Hartis Road,NC,Charlotte - Concord - Gastonia,Union,Indian Trail,28079,28.77,0,R20,No,-,"$2,200,000",Unlisted,02/15/24,Jan Ringeling,Site Location,
Rejected,S Providence Rd,NC,Charlotte - Concord - Gastonia,Union,Waxhaw,28173,38.9,38.9,MU,Yes,-,Unpriced,Unlisted,02/15/24,Jan Ringeling,Entitlements,
Rejected,Emily Lane,NC,Charlotte - Concord - Gastonia,Union,Monroe,28110,16.2,16.2,RMD,Yes,48,Unpriced,Unlisted,02/15/24,Jan Ringeling,Entitlements,
Rejected,Running Fox Dr,SC,Fort Mill,York,Fort Mill,29708,20,20,RUD w/ RMX/MU/GC Overlay,Yes,63,Unpriced,Unlisted,02/15/24,Jan Ringeling,Site Location,
Rejected,Duval Park,FL,Gainesville,Alachua,Gainesville,32641,13.06,13.06,RMF6,Yes,130,"$5,000/unit",Listed,02/15/24,,Site Location,
Rejected,Olde Towne,NC,Raleigh-Cary,Wake,Raleigh,27610,17,17,MF,Yes,300,"$24,000/unit",Unlisted,02/02/24,Karl Hudson,Site Location,
Rejected,Midtown at Pacific,NC,Raleigh-Cary,Wake,Raleigh,27604,10.54,10.54,MF,Yes,294,$34-40/unit,Unlisted,02/02/24,Karl Hudson,Site Location,
Rejected,Highway 78 - Ingleside,SC,Charleston - North Charleston - Summerville,Charleston,Charleston,29456,35.77,0,HI,No,-,Unpriced,Unlisted,01/25/24,Fritz Meyer,Site Location,
Rejected,Downtown Nexton,SC,Charleston - North Charleston - Summerville,Berkeley,Summerville,29483,5.51,5.51,,Yes,175,"$28,000/unit",Unlisted,01/24/24,Seth Clark,Supply,
Rejected,Irene Golf & Country Club,TN,Memphis,Shelby,Shelby,38125,16.55,16.55,PD,Yes,-,Unpriced,Unlisted,01/17/24,Austin Ehrat,Site Location,
Rejected,Overlook at Asheville,NC,Asheville,Buncombe,Asheville,28803,98.8,sni,R-3 / NS,Yes,210,Unpriced,Listed,01/10/24,Alex Phillips,Entitlements,
Rejected,UNC Wilmington - University Drive,NC,Wilmington,New Hanover,Wilmington,28403,38.85,38.85,MF-M,Yes,17 units/acre,Unpriced,Unlisted,01/09/24,David Branton,Site Location,
Rejected,Point Hope Development,SC,Charleston - North Charleston - Summerville,Berkeley,Charleston,29492,20,20,PUD,Yes,336,"$23,000/unit",Unlisted,01/04/24,Fritz Meyer,Lost to Competition,
Rejected,Sea Mist,SC,Charleston - North Charleston - Summerville,Berkeley,Summerville,29483,13.66,13.66,PD,Yes,400,$35k/unit,Listed,12/29/23,Scott Benedict,Below Target Yield,
Rejected,Broadway Beach,SC,Myrtle Beach - Conway - North Myrtle Beach,Horry,Myrtle Beach,29577,13.58,13.58,Entertainment,Yes,350,Unpriced,Unlisted,12/19/23,Chad Carlson,Lost to Competition,
Rejected,Costco Celina,TX,Dallas - Fort Worth,Collin,Celina,75009,,,,Yes,,"$24,000/unit",Unlisted,12/15/23,Rex Glendenning,Site Location,
Rejected,Sweetbay,FL,Panama City,Bay,Panama City,32405,700,0,PUD,Yes,-,Unpriced,Unlisted,12/11/23,,Lost to Competition,
Rejected,Tin Top Rd,TX,Dallas - Fort Worth,Parker,Weatherford,76086,20,20,C1/AG,No,-,Unpriced,Unlisted,12/11/23,,Site Location,
Rejected,Seascape Resorts,FL,Crestview - Fort Walton Beach - Destin,Walton,Miramar Beach,32550,65,0,Coastal Center,No,-,Unpriced,Unlisted,12/11/23,Brady Elder,Lost to Competition,
Rejected,The Heel,FL,Tallahassee,Leon,Tallahassee,32309,900,20,PUD,Yes,300,"$19,000/unit",Listed,12/08/23,Slaton Murray,Site Location,
Rejected,Creekside Preserve,GA,Atlanta,Forsyth,Cumming,30041,45,22,MPD,Yes,295,"$30,975/acre",Listed,12/05/23,,Supply,
Rejected,SW Williston Rd,FL,Gainesville,Alachua,Gainesville,32608,25.8,25.8,RM-7,Yes,445,"$6,600,000",Listed,12/04/23,,Below Target Yield,
Rejected,Firewheel Town Center,TX,Dallas - Fort Worth,Dallas,Garland,75040,20.93,,,,,Unpriced,Listed,12/01/23,,Lost to Competition,
Rejected,Southern Commons : I-77,SC,Columbia,Lexington,Cayce,29172,35.7,10,PDD,Yes,250,Unpriced,Unlisted,11/28/23,Drew Babcock,Site Location,
Rejected,Kubota Drive,TX,Dallas - Fort Worth,Tarrant,Grapevine,76051,11.41,0,CC,No,-,Unpriced,Unlisted,11/28/23,,Site Location,
Rejected,Evolve Companies - Premier Center,NC,Greensboro - High Point,Guilford,High Point,27265,15.8,15.8,RM-16,Yes,252,Unpriced,Unlisted,11/21/23,Jack Campbell,Lost to Competition,
Rejected,Midway Park Dr,NC,Charlotte - Concord - Gastonia,Mecklenburg,Charlotte,28277,14.69,0,MUDD-0,No,-,Unpriced,Unlisted,11/20/23,Richie Faulkenberry,Lost to Competition,
Rejected,Galloway Rd,NC,Charlotte - Concord - Gastonia,Mecklenburg,Charlotte,28262,36.33,36.33,R-12MF,Yes,12 units/acre,Unpriced,Unlisted,11/20/23,,Lost to Competition,
Rejected,W Mallard Creek Rd,NC,Charlotte - Concord - Gastonia,Mecklenburg,Charlotte,28262,30,0,MUDD-0,No,-,Unpriced,Unlisted,11/20/23,,Lost to Competition,
Rejected,Green Valley Road,NC,Greensboro - High Point,Guilford,Greensboro,27408,11.98,?,PUD,?,-,Unpriced,Unlisted,11/20/23,,Lost to Competition,
Rejected,Highwoods Blvd,NC,Greensboro - High Point,Guilford,Greensboro,27410,15.95,?,PUD,?,-,Unpriced,Unlisted,11/20/23,,Entitlements,
Rejected,Alove Road,NC,Charlotte - Concord - Gastonia,Iredell,Mooresville,28117,52.05,?,CM,?,-,Unpriced,Unlisted,11/20/23,,Lost to Competition,
Rejected,Catawba Ave,NC,Charlotte - Concord - Gastonia,Mecklenburg,Cornelius,28031,9.19,0,Conditional Zoning District,No,-,Unpriced,Unlisted,11/20/23,,,
Rejected,Reese Blvd,NC,Charlotte - Concord - Gastonia,Mecklenburg,Huntersville,28078,10.93,0,CB,No,-,Unpriced,Unlisted,11/20/23,,,
Rejected,Pelham Rd Topgolf,SC,Greenville - Anderson,Greenville,Greenville,29615,19.51,0,S-1,No,-,Unpriced,Unlisted,11/20/23,,,
Rejected,Irondale - Grantswood Rd,AL,Birmingham,Jefferson,Irondale,35210,35,0,C-1,No,-,Unpriced,Unlisted,11/06/23,Drew Mixson,Site Location,
Rejected,Sugarloaf Pkwy,GA,Atlanta,Gwinnett,Lawrenceville,30044,13.75,13.75,RM-24,Yes,330,Unpriced,Listed,11/03/23,,Site Location,
Rejected,The Landing at Beaver Creek,TN,Knoxville,Knox,Knoxville,37849,38.69,38.69,OB/PR,Yes,226,Unpriced,Listed,11/03/23,,,
Rejected,Murfeesboro - Dejarnette Ln,TN,Nashville - Davidson - Murfreesboro - Franklin,Rutherford,Murfreesboro,37130,13,0,RS-15,No,-,"$2,750,000/Acre",Listed,10/31/23,,,
Rejected,Village Point Lake Drive,NC,Piedmont Triad,Forsyth,Clemmons,27012,28.19,-,,No,-,Tract Specific,Listed,10/30/23,,Site Location,
Rejected,Palladium South,NC,Piedmont Triad,Guilford,High Point,27265,37.9,13.3,,Yes,288,Unpriced,Listed,10/30/23,,Lost to Competition,
Rejected,Four Seasons Station,NC,Piedmont Triad,Guilford,Greensboro,27407,8.01,-,,No,-,Unpriced,Listed,10/30/23,,,
Rejected,Grand River Parkway,AL,Birmingham-Hoover,Jefferson,Leeds,35094,66,,B-2,No,-,Unpriced,Unlisted,10/26/23,Drew Mixson,Site Location,
Rejected,Alabaster Promenade,AL,Birmingham-Hoover,Shelby,Alabaster,35007,18.02,0,B-3,No,-,Unpriced,Listed,10/26/23,Drew Mixson,Site Location,
Rejected,Medical Village Blvd,AL,Daphne-Fairhope-Foley,Baldwin,Gulf Shores,36542,25,-,IND-BUS,No,-,,Unlisted,10/25/23,Crawford Stitt,Entitlements,
Rejected,Midland Commons,GA,Columbus,Muscogee,Columbus,31909,18,,A-1,No,-,Unpriced,Unlisted,10/11/23,Michael Wright,Land Cost,
Rejected,Oxford Way,MS,Oxford,Lafayette,Oxford,38655,14.5,,,,,,Listed,09/11/23,Austin Ehrat,Entitlements,
Rejected,Tapestry Park,FL,Panama City Beach,Bay,Parker,32407,8.25,,MU,,300,,,04/11/22,CBRE,,
Rejected,Tyndall AFB Site,FL,Panama City,Bay,Parker,,11.54,,,,,"$6,900,000",,03/29/22,,,
Rejected,Huntsville #2,AL,Huntsville,Madison,Huntsville,35763,25,25,,Yes,TBD,TBD,,12/17/21,,,
Rejected,Sampson,FL,Jacksonville,St. Johns,Jacksonville,32092,35,TBD,OR,No,TBD,"$18-19,000,000",,10/29/21,Maestri-Murrell,,
Rejected,Orange Beach,AL,Orange Beach,Baldwin,Orange Beach,,6.68,6.68,PUD,Yes,220,TBD,Listed,10/25/21,,,
Rejected,Long Farm,LA,Baton Rouge,East Baton Rouge,Baton Rouge,70817,11,11,TND,Yes,293,"$4,000,000",Unlisted,10/25/21,Russell Mosely,,
Rejected,Government St,LA,Baton Rouge,East Baton Rouge,Baton Rouge,70806,8.07,8.07,C2,Yes,220,"$3,2000,000",Listed,10/25/21,Maestri-Murrell,,
Rejected,Lakeshore Village,LA,New Orleans - Metairie,St. Tammany,Slidell,,17.8,15,PUD,Yes,300+,TBD,Unlisted,10/11/21,Maestri-Murrell,,
Rejected,Bannerman,FL,Tallahassee,Leon,Tallahassee,32312,13,13,LP,,247+/-,TBD,Listed,10/08/21,Maestri-Murrell,,
Rejected,Chester Rd,FL,Jacksonville,Nassau,Yulee,32097,27.8,20,IW,,25/Acre,"$11,750,000",Listed,09/27/21,,,
Rejected,Petes Hwy,LA,Baton Rouge,Livingston,Denham Springs,70726,15.4,15.4,,,,"$1,995,000",Listed,09/27/21,Maestri-Murrell,,
Rejected,Foley Beach Express #2,AL,Daphne - Fairhope - Foley,Baldwin,Orange Beach,,,8,,Yes,28/Acre,TBD,,09/24/21,Maestri-Murrell,,"Per M-M: ""One possibility is that he’d hold the land we don’t buy initially and handle any additional phases/mitigation after we built the first 198 +/- units on the 7 to 8 acres of uplands.  We’d have the Right of First Refusal in this scenario.  The other option is we buy the entire deal, create some conservation easements (big tax write off) on the wetlands we don’t mitigate.  Bottom line, approx. 198 units fairly quickly, path to construction/approval seems minimal, in good school district, competition seems to be doing well."""
Rejected,Durbin Park,FL,Jacksonville,St. Johns,Jacksonville,32259,16.6,16.6,PUD,Yes,300,"$11,400,000",Listed,09/24/21,,,
Rejected,Hwy 96 Warner Robins,GA,Macon,Macon County,Warner Robins,31088,87.44,TBD,,No,TBD,"$163,000/Acre",Listed,09/14/21,Maestri-Murrell,,
Rejected,Bass Pro,LA,Baton Rouge,Livingston,Denham Springs,,7,7.11,,,TBD,"$2,375,000",Listed,09/09/21,Michael Cashio,,
Rejected,Peach Blossom #1,GA,Macon,Macon County,Warner Robins,31005,16.02,TBD,C-2,,,"$275,000/Acre",,09/07/21,Maestri-Murrell,,
Rejected,Peach Blossom #2,GA,Macon,Macon County,Warner Robins,31005,10.06,TBD,C-2,,,"$150,000/Acre",,09/07/21,Maestri-Murrell,,
Rejected,D'Iberville,MS,Gulfport - Biloxi - Pascagoula,Harrison,D'Iberville,39540,10+,10,,,,,,08/26/21,Maestri-Murrell,,Owner of land is asking a higher price than what we offered.
Rejected,161 Prop,AL,Daphne - Fairhope - Foley,Baldwin,Orange Beach,36561,18.79,18.79,,Yes,TBD,"$3,999,900",Listed,08/23/21,Maestri-Murrell,,(As of 7/22/2021) Another offer is in at approximately $3.9MM and 250 units.
Rejected,Couret Farms,LA,Lafayette,Lafayette,Lafayette,70507,28,15,,,,$4-6/SF,Unlisted,08/17/21,Prescott Bailey,,
Rejected,High Meadows,LA,Lafayette,Lafayette,Lafayette,70507,15,15,,,,"$2,900,000",,08/17/21,,,
Rejected,Moss St,LA,Lafayette,Lafayette,Lafayette,70507,36,TBD,,,,TBD,,08/17/21,,,Negatives are the immediate surrounding area and lack of visibility from the interstate.
Rejected,County Rd,AL,Daphne - Fairhope - Foley,Baldwin,Daphne,36526,25,25,,,300-325,"$4,200,000",Listed,08/16/21,Maestri-Murrell,,Within 10 minutes of interstate and major retailers. All utilities available.
Rejected,Freeport,FL,Crestview - Fort Walton Beach - Destin,Walton,Freeport,32439,13.7,13.7,,,,"$5,950,000",,08/16/21,,,LOI currently on the property. Declined due to a possible better site in that market. Fidelity Life land would be better or anything closer to the Publix and other retail.
Rejected,Clermont,FL,Orlando - Kissimmee - Sanford,Lake County,Clermont,34711,13.6,13.6,,Yes,,"$2,925,000",Listed,08/16/21,Maestri-Murrell,,"There are still markets to explore before going this far into Florida. Median rent nearby: $1,284. Positive net migration. Median income: $68,756."
Rejected,Barringer,LA,Baton Rouge,East Baton Rouge,Baton Rouge,70817,65.91,TBD,C1,Yes,,Unpriced,,08/10/21,Maestri-Murrell,,"Site location is flexible. Will be delivered with infrastructure. Wetlands will be handled. Waiting to hear back from M-M for the next step… (8/16/2021) Per Ben: JD is done, wetland mitigation has started. Sitework can start in 90 to 120 days. Next move is an LOI to show our sincere interest if we are interested in pursuing further. (8/25/2021) Per Ben: We have a site with no wetlands they want us to buy. They are proposing 9 acres. They will deliver us a pad and road to the complex. Per Ty: We just need to show up and start building."
Rejected,Seigen,LA,Baton Rouge,East Baton Rouge,Baton Rouge,70817,about 10,about 10,,Yes,250,TBD,,08/10/21,Maestri-Murrell,,"Amenities nearby include Top Golf, Walmart, Sam's, Lowe's, etc…. (8/16/2021) That retail center is actually dying. Wouldn't be worth the effort."
Rejected,Cagle,LA,Lake Charles,Calcasieu,Lake Charles,70601,13,13,,,,Unpriced,,08/10/21,Prescott Bailey,,"Room for flexibility on the exact dimensions. There is a drainage swell/feature on the west side that goes behind the two marriot hotels into the bayou, so there will be a bit of unusable area on that property line. Because of that drainage feature though, we won’t have to have onsite detention...  Submitted LOI, seller countered with too high of price."
Rejected,Promenade Pkwy,MS,Gulfport - Biloxi - Pascagoula,Harrison,D'Iberville,39540,13,13,C-3,No,,"$2,300,000",,08/10/21,Prescott Bailey,,Prescott thinks we can get it for $2M. There is a home on the property. Prescott asked a local residential realtor to approach the home owner. There is a warehouse/office building next to it that can possibly be used for additional acreage in the future.
Rejected,University Pkwy,FL,Pensacola - Ferry Pass - Brent,Escambia,Ferry Pass,32514,11,11,Com,No,TBD,"$3,550,000",Listed,07/08/21,Prescott Bailey,,Per Prescott: Total site is 9.75 acres. This includes a .75 acre connector piece to University Pkwy. There may be some additional property adjacent to it that could be picked up as well to get closer to 11-12 acres.
Rejected,Hattiesburg,MS,Hattiesburg,Lamar,Hattiesburg,39402,20,20,,No,288,"$3,484,800",Unlisted,07/08/21,Maestri-Murrell,,"Per Prescott, 12 acres is usable, but Denis is getting a new topo plan. Price and unit count still TBD. Waiting to here from M-M to meet with land owner… (8/16/2021) Toby and Michael to meet land owner to discuss."
Rejected,Daphne,AL,Daphne - Fairhope - Foley,Baldwin,Daphne,,,54,,,,"$6,000,000",,06/10/21,Maestri-Murrell,,
Rejected,Foley Beach Express,AL,Daphne - Fairhope - Foley,Baldwin,Foley,36535,102,TBD,,Yes,TBD,"$10,200,000",Unlisted,05/10/21,Prescott Bailey,,"If we got the site for closer to $8M, and then carved out around 15 acres for some retail frontage sales CVS/Strip center frontages or Power Center (Rouses?) ALF sale, etc to really reduce the overall price tag"
Rejected,Gulf Shores A,AL,Daphne - Fairhope - Foley,Baldwin,Gulf Shores,36542,15.6,11,,,,"$2,250,000",Unlisted,05/10/21,Prescott Bailey,,"Already a PUD, with the pond removed we would probably have about 11 useable acres."
Rejected,Gulf Shores B,AL,Daphne - Fairhope - Foley,Baldwin,Gulf Shores,36542,28.5,28.5,,N/A,,Unpriced,Unlisted,05/10/21,Prescott Bailey,,"Could do multiple uses (Retail frontage, ALF, etc), or it could be enough space for a MF Site with a single family rental product attached."
Rejected,Orange Beach,AL,Daphne - Fairhope - Foley,Baldwin,Orange Beach,36561,150,TBD,,,TBD,"$28,000,000",Unlisted,05/10/21,Maestri-Murrell,,
Rejected,2244 Schillinger Rd,AL,Mobile,Mobile,N/A,36695,23,23,,,,"$2,400,000",Listed,05/10/21,Maestri-Murrell,,
Rejected,Lafayette,LA,Lafayette,Lafayette,Lafayette,70507,12,,,,,,Listed,05/10/21,Maestri-Murrell,,
Rejected,Crestview #2,FL,Crestview - Fort Walton Beach - Destin,Okaloosa,Crestview,32539,12.95,12.95,,Yes,320,"$3,250,000",Unlisted,04/08/21,Maestri-Murrell,,
Rejected,Tapestry Park,FL,Panama City,Bay,Panama City Beach,32407,10.06,10.06,,,301,TBD,Unlisted,04/08/21,Cliff Guidry,,
Rejected,Edenborne,LA,Baton Rouge,Ascension,Gonzales,70737,25,25,,,,"$3,000,000",Listed,04/08/21,Maestri-Murrell,,
Rejected,Terra Bella,LA,New Orleans - Metairie,St. Tammany,Covington,70433,7.19,7.19,,,168,,Unlisted,03/12/21,Mark Malkemus,,
Rejected,East Bay Mobile,AL,Daphne - Fairhope - Foley,Baldwin,N/A,36532,77,TBD,,No,TBD,TBD,Unlisted,02/24/21,,,Extremely rural
Rejected,Antioch Rd,FL,Crestview - Fort Walton Beach - Destin,Okaloosa,Crestview,32536,36,TBD,,No,TBD,TBD,Unlisted,02/24/21,Maestri-Murrell,,
Rejected,Cracker Barrell,FL,Crestview - Fort Walton Beach - Destin,Okaloosa,Crestview,32536,31,10,,No,250,TBD,Unlisted,02/24/21,Maestri-Murrell,,Mostly Wetlands
Rejected,Publix Site,FL,Crestview - Fort Walton Beach - Destin,Okaloosa,Crestview,32539,17,17,,No,312,$2.75 / SF,Unlisted,02/24/21,Maestri-Murrell,,Too far north
Rejected,Southcrest Dr,FL,Crestview - Fort Walton Beach - Destin,Okaloosa,Crestview,32539,17,17,,No,TBD,TBD,Unlisted,02/24/21,Maestri-Murrell,,
Rejected,The Heights at East Garden,FL,Pensacola - Ferry Pass - Brent,Escambia,Pensacola,32502,,,,,245,"$7,000,000",Unlisted,02/08/21,Chad Henderson,Below Target Yield,
Rejected,The Canopy,FL,Tallahassee,Leon,Tallahassee,32308,15,15,,Yes,370,"$5,600,000",Listed,02/08/21,Saun Sullivan,,
Rejected,Bricker Rd,LA,New Orleans - Metairie,St. Tammany,Covington,70433,14,14,,,240,$5.50 / SF,Unlisted,02/08/21,,,
Rejected,Tesla,TX,Austin - Round Rock - Georgetown,Travis,Austin,78724,85,TBD,,No,TBD,Unpriced,Listed,01/21/21,Prescott Bailey,,ETJ Mixed Use Zoning – Showing potential for up to 750 units. Could get a ROFR or option on the other acreage/units.
Rejected,Hero Way,TX,Austin - Round Rock - Georgetown,Williamson,Leander,78641,15,10.12,,,TBD,"$3,747,031",Listed,01/21/21,Prescott Bailey,,
Rejected,Port Arthur,TX,Beaumont - Port Arthur,Jefferson,Port Arthur,77640,31.14,TBD,,No,TBD,"$7,460,521",Listed,01/21/21,Prescott Bailey,,"""They are asking $5.50/ft, but I told him we would probably be more in the $2.5-3.5/ft range depending on the layout and density. He thinks that can work and definitely sounds like we can get a deal done on this piece. He said they won’t have any problems carving out 12-15 acres for our site, and doesn’t expect entitlement to be a problem."""
Rejected,Pearland - Shadow Creek,TX,Houston - The Woodlands - Sugar Land,Brazoria,Pearland,77584,14.7,14.7,,No,TBD,Unpriced,Listed,01/21/21,Prescott Bailey,,
Rejected,Pearland - Smith Ranch,TX,Houston - The Woodlands - Sugar Land,Brazoria,Pearland,77584,15,15,,No,TBD,Unpriced,Listed,01/21/21,Prescott Bailey,,
Rejected,Sierra Vista,TX,Houston - The Woodlands - Sugar Land,Brazoria,Iowa Colony,77583,14.6,14.6,,Yes,300,Unpriced,Listed,01/21/21,Prescott Bailey,,
Rejected,Katy,TX,Houston - The Woodlands - Sugar Land,Harris,Katy,77449,12.61,12.61,,No,TBD,Unpriced,Listed,01/21/21,Prescott Bailey,,Near the University of Houston's huge new campus
Rejected,Spring,TX,Houston - The Woodlands - Sugar Land,Harris,Spring,77389,27.73,TBD,,No,TBD,"$16,750,000",Listed,01/21/21,Prescott Bailey,,"Total site is 27.73 acres, but we could carve off a 12-13 acre MF site in the rear."
Rejected,Conroe,TX,Houston - The Woodlands - Sugar Land,Montgomery,Conroe,77304,13,13,,Yes,260,$4-8 / SF,Listed,01/21/21,Prescott Bailey,,
Rejected,Browns Ferry Rd,AL,Huntsville,Limestone,Madison,35756,27.5,27.5,,No,TBD,TBD,Listed,12/11/20,Saun Sullivan,,
Rejected,Limestone Property,AL,Huntsville,Limestone,Madison,35756,11,11,,No,TBD,TBD,Unlisted,12/11/20,Saun Sullivan,,
Rejected,Belle Savanne,LA,Baton Rouge,Ascension,N/A,70734,8.06,8.06,,No,TBD,TBD,Unlisted,12/10/20,Todd Waguespack,,Zoning will be tough.
Rejected,Hillcrest Property,AL,Mobile,Mobile,Mobile,36695,40,,,No,,"$4,395,000",,12/09/20,Maestri-Murrell,,Likely SFR + Multifamily
Rejected,Schillinger Property,AL,Mobile,Mobile,Mobile,36695,27,27,,,,"$2,278,000",,12/09/20,Maestri-Murrell,,
Rejected,Ferdon Blvd,FL,Crestview - Fort Walton Beach - Destin,Okaloosa,Crestview,32536,13.5,11,,Yes,337,"$5,500,000",Unlisted,12/09/20,Maestri-Murrell,,"Zoned for 337 units, but unlikely to fit that many on the site. Also, expensive. Another group is looking at the site, though."
Rejected,Larson at Narcoossee,FL,Orlando - Kissimmee - Sanford,Osceola,St. Cloud,34771,16.33,16.33,,No,320,TBD,Listed,12/01/20,Maestri-Murrell,,"Passed On - Area too Rural, no direct comps in the area."
Rejected,Fort Myers,FL,Cape Coral - Fort Myers,Lee,Fort Myers,33966,31.91,31.91,,Yes,TBD,"$10,800,000",,11/20/20,Prescott Bailey,,Zoned for up to 25 units per acre.
Rejected,Dyer Blvd,FL,Orlando - Kissimmee - Sanford,Osceola,Kissimmee,34741,19.17,19.17,,Yes,400,"$9,000,000",,11/19/20,Prescott Bailey,,
Rejected,St. Cloud,FL,Orlando - Kissimmee - Sanford,Osceola,St. Cloud,34771,41,13,,No,TBD,"$10,500,000",Listed,11/19/20,Prescott Bailey,,"Potential retail sales on the frontage to lower the land basis (probably 5-8 acres), and then use 12-13 acres for MF, leaving 20-24 acres for single family, which would give us approximately 100 lots."
Rejected,Triangle Town Center,NC,Raleigh-Cary,Wake,Raleigh,27616,23.97,23.97,,Yes,TBD,"$6,000,000",Listed,11/16/20,Prescott Bailey,,Pos - Fantastic Demographics. Neg - Competition
Rejected,Daytona Beach,FL,Deltona - Daytona Beach - Ormond Beach,Volusia,Daytona Beach,32117,32.33,TBD,,Yes,360,"$7,200,000",Listed,11/12/20,Michael,,"Great location, but area is getting overbuilt. The seller wants to sell the entire 32 acres for $7.2M, if they would agree to carve up the site they would be looking to get apx $16-$18/unit on just a MF piece."
Rejected,Winchester Rd,TN,Memphis,Shelby,Germantown,38125,,TBD,,Yes,TBD,"$75,000 / Acre",Listed,11/12/20,Michael,,Requires commercial on part of 1st floor development
Rejected,Tiger Town,AL,Auburn - Opelika,Lee,Opelika,36801,TBD,TBD,,Partially,TBD,TBD,Unlisted,11/09/20,Michael,,
Rejected,Sanford,FL,Orlando - Kissimmee - Sanford,Seminole,Sanford,32771,13.51,13.51,,,350,"$8,500,000",Listed,11/09/20,Maestri-Murrell,,
Rejected,New Hampstead,GA,Savannah,Chatham,Bloomingdale,31302,36.667,36.667,,Yes,432,"$3,250,000",Listed,11/05/20,Maestri-Murrell,,Too suburban. Very little development surrounding the site.
Rejected,Belair Rd,GA,Augusta - Richmond County,Columbia,Evans,30809,25.51,,,No,300,"$5,000,000",Unlisted,10/29/20,Maestri-Murrell,,Denis looking into some other potential sites. No wetlands map available.
Rejected,Clear Lake Reserve,GA,Savannah,Chatham,Pooler,31322,21.1,,,Yes,377,"$4,020,000",Listed,10/29/20,Maestri-Murrell,,
Rejected,Opelika,AL,Auburn - Opelika,Lee,Opelika,36801,12.7,12,,No,TBD,"$2,500,000",Listed,10/26/20,Prescott Bailey,,"Passed on - Access was tough, immediate commercial is negative."
Rejected,Flats at Whitehall,NC,Charlotte - Concord - Gastonia,Mecklenburg,Charlotte,28273,36.58,18.29,,Yes,396,"$6,500,000",Listed,10/26/20,Michael,,"Neg - Expensive land, far, odd layout. Pos - Great area for growth."
Rejected,Collierville,TN,Memphis,Shelby,Collierville,38017,40,40,,No,TBD,Unpriced,Listed,10/26/20,Prescott Bailey,,
Rejected,Promenade Center,MS,Gulfport - Biloxi - Pascagoula,Harrison,D'Iberville,39540,15,,,,,Unpriced,Listed,10/22/20,Prescott Bailey,,LOI signed 11/5/20. Lance planning layout.
Rejected,Lee Hwy,TN,Chattanooga,Hamilton,Chattanooga,37421,12.22,12.22,,No,240,"$3,600,000",Listed,10/22/20,Maestri-Murrell,,
Rejected,Gunbarrel Rd,TN,Chattanooga,Hamilton,Chattanooga,37421,8.65,8.65,,No,TBD,,,10/20/20,Maestri-Murrell,,Former AMC movie theatre
Rejected,Pinewood Dr,TN,Chattanooga,Hamilton,Chattanooga,37421,,,,,,,,10/20/20,Maestri-Murrell,,
Rejected,Gulf Breeze,FL,Pensacola - Ferry Pass - Brent,Santa Rosa,Gulf Breeze,32563,19.13,,,Yes,570,"$1,900,000",Listed,10/19/20,Prescott Bailey,,
Rejected,Harrison,TN,Chattanooga,Hamilton,Chattanooga,37416,15.31,15.31,,Yes,310,"$5,425,000",Listed,10/19/20,Maestri-Murrell,,
Rejected,Maude St,TN,Chattanooga,Hamilton,Chattanooga,37406,13.3,10.5,,No,TBD,"$4,900,000",Listed,10/19/20,Prescott Bailey,,
Rejected,Antioch,TN,Nashville - Davidson - Murfreesboro - Franklin,Davidson,Nashville,37013,13.52,,,,,"$3,750,000",,10/19/20,Prescott Bailey,,
Rejected,Hendersonville,TN,Nashville - Davidson - Murfreesboro - Franklin,Sumner,Hendersonville,37075,16,,,,,"$2,000,000",,10/19/20,Prescott Bailey,,
Rejected,Acadiana Land Associates,LA,Lafayette,Lafayette,Lafayette,70503,,,,,,,Listed,10/16/20,Chad Ortte,,
Rejected,Beadle @ Verot,LA,Lafayette,Lafayette,Lafayette,70508,,,,,,,Listed,10/16/20,Chad Ortte,,
Rejected,Bouillion Family Properties,LA,Lafayette,Lafayette,Lafayette,70508,13.52,13.52,,,,"$4,410,500",Listed,10/16/20,Chad Ortte,,Would like to wait and see what Lafayette looks like once the current apartment demand across the country and in SWLA cools down a bit. Small amount of wetlands on southern part of land. Not in a flood zone.
Rejected,Evergreen at Duhon,LA,Lafayette,Lafayette,Lafayette,70506,,,,,,,Listed,10/16/20,Chad Ortte,,
Rejected,Landry Ventrues,LA,Lafayette,Lafayette,Lafayette,70508,,,,,,"$8,000,000",Listed,10/16/20,Chad Ortte,,
Rejected,Pine Farm Verot,LA,Lafayette,Lafayette,Lafayette,70508,28.16,,,,,$12/sf,Listed,10/16/20,Chad Ortte,,
Rejected,Garrett Pitt,FL,Crestview - Fort Walton Beach - Destin,Okaloosa,Crestview,32536,40,11.5,,No,250,,,10/13/20,Maestri-Murrell,,LOI signed 10/10/20. Layout plan received.
Rejected,Evans,GA,Augusta - Richmond County,Columbia,Evans,30809,120,35,,Partially,250,"$7,500,000",,10/12/20,Maestri-Murrell,,
Rejected,Millerville,LA,Baton Rouge,East Baton Rouge,Baton Rouge,70816,8.72,,,,150,,,10/09/20,Todd Waguespack,,
Rejected,Milton,FL,Pensacola - Ferry Pass - Brent,Santa Rosa,Milton,32571,80,TBD,,No,TBD,"$10,800,000",,09/17/20,Maestri-Murrell,,
Rejected,Zephyrhillis,FL,Tampa - St. Petersburg - Clearwater,Pasco,Zephyrhillis,33540,12,12,,Yes,240,"$2,400,000",,09/17/20,Maestri-Murrell,,
Rejected,Castine Pointe,MS,Gulfport - Biloxi - Pascagoula,Harrison,Long Beach,39560,13.5,13.5,,Yes,240,"$2,350,000",,09/17/20,Maestri-Murrell,,
Rejected,Daphne,AL,Daphne - Fairhope - Foley,Baldwin,Daphne,36526,34.5,26,,Yes,,,,09/09/20,Michael,,
Rejected,Prattville,AL,Montgomery,Autauga,Prattville,36066,50,TBD,,No,TBD,"$2,900,000",,09/08/20,Maestri-Murrell,,
Rejected,Panama City Beach,FL,Panama City,Bay,Panama City Beach,32413,,,,,,,,09/01/20,Prescott Bailey,,
Rejected,Navarre,FL,Pensacola - Ferry Pass - Brent,Santa Rosa,Navarre,32566,,,,,,,,09/01/20,Prescott Bailey,,Another developer is converting into 333 units
Rejected,Canal Rd,AL,Daphne - Fairhope - Foley,Baldwin,Orange Beach,36561,62,12.5,,Partially,288,,,08/13/20,Maestri-Murrell,,"LOI signed. Per the Mayor of Orange Beach.  ""they will not support or approve multi-family “on the island”."
Rejected,Pecue/I-10,LA,Baton Rouge,East Baton Rouge,Baton Rouge,70809,TBD,TBD,,Yes,400,TBD,Unlisted,01/07/20,Maestri-Murrell,,"Potential 1,000 new jobs going next door. 20 acre site min 400 units. Still too early, but should keep tabs on, per Ben."
Rejected,Winchester Rd,TN,Memphis,Shelby,Memphis,,,,,,,,,,,,
Rejected,Oxford Belk Way,MS,Oxford,Lafayette,Oxford,38655,20.57,,,,,,,,,,
Rejected,Mandeville - I-12/1088,LA,New Orleans - Metairie,St. Tammany,Mandeville,70448,49.29,49.29,PUD,Yes,,,,,Liam Grace,,
Rejected,Gulf Shores,AL,Daphne - Fairhope - Foley,Baldwin,Gulf Shores,36542,16.8,,PUD,Yes,270,"$5,940,000",,,,,
Rejected,Orange Beach - Roscoe Rd,AL,Daphne - Fairhope - Foley,Baldwin,Orange Beach,36561,39.65,39.65,,Yes,28 units/acre,,,,,,
Rejected,Magnolia Walk East - Phase I,AL,Daphne - Fairhope - Foley,Baldwin,Foley,36535,18.14,18.14,,Yes,15.9/acre,,,,,,
Rejected,Magnolia Walk East - Phase II,AL,Daphne - Fairhope - Foley,Baldwin,Foley,36535,9.6,9.6,,Yes,16.3/acre,,,,,,
Rejected,Oak Leaf Jacksonville,FL,Jacksonville,Duval,Jacksonville,,,,,,,,,,,,
Rejected,Montgomery,AL,Montgomery,Montgomery,Alabama,36116,29.3,,,,,,,,,,
Rejected,The Pace,FL,Pensacola - Ferry Pass - Brent,Santa Rosa,Pace,,,,,,,,,,,,
Rejected,Heritage Crossing Phase 2,LA,Baton Rouge,Ascension,Gonzales,70737,5.88,,,,,,,,,,
Rejected,Hillcrest Rd.,AL,Mobile,,,,40+ acres,,B-2,No,25-30/ac,$4.4m,,,,,
Rejected,Americana,LA,Baton Rouge,East Baton Rouge,Baton Rouge,,,,,,,,,,,,
Rejected,OWA Site,AL,Daphne - Fairhope - Foley,Baldwin,Foley,,,,,,,,,,,,
Rejected,Traditions Pkwy,AL,Daphne - Fairhope - Foley,Baldwin,Gulf Shores,,,,,,,,,,,,
Rejected,Oak Rd Site,AL,Daphne - Fairhope - Foley,Baldwin,Gulf Shores,,28,28,,,,"$7,500,000",,,,,
Rejected,Huntsville,AL,Huntsville,Madison,Huntsville,,,,,,,"$2,500,000",,,,,
Rejected,Huntsville Hwy 72,AL,Huntsville,,,,42,,C-4,,,$225k / Acre,,,,,
Rejected,Mobile,AL,Mobile,Mobile,Mobile,,,,,,,,,,,,
Rejected,Destin,FL,Crestview - Fort Walton Beach - Destin,Okaloosa,Destin,,9.5,9.5,,Yes,380,"$9,500,000",,,,,
Rejected,Gulf Breeze,FL,Pensacola - Ferry Pass - Brent,Santa Rosa,Gulf Breeze,,17,17,,Partially,270,"$7,300,000",,,,,
Rejected,Tallahassee,FL,Tallahassee,Leon,Tallahassee,,9.85,,PUD,,284,"$4,260,000",,,,,
Rejected,Wesley Chapel,FL,Tampa - St. Petersburg - Clearwater,Pasco,Wesley Chapel,,16.06,11.12,,,294,"$19,000,000",Listed,,,,
Rejected,St. Augustine,FL,Jacksonville,St. Johns,St. Augustine,,,,,,,"$12,000,000",,,,,
Rejected,Silver Chase,FL,Jacksonville,St. Johns,World Golf Village,32092,19.68,19.68,,,256,"$40,000/Unit",Listed,,,,
Rejected,Ocala,FL,Ocala,Marion,Ocala,,17,,A1,,,"$2,500,000",Listed,,,,
Rejected,Grovetown,GA,Augusta - Richmond County,Columbia,Grovetown,,17.52,,,,,,,,,,
Rejected,Augusta,GA,Augusta - Richmond County,Richmond,Augusta,,9.3,9.3,B-2,Yes,,"$3,850,000",Listed,,,,
Rejected,Old Stone Rd,GA,Atlanta,Carroll,Villa Rica,,,,,,,,,,,,
Rejected,Centennial Olympic,GA,Atlanta,Rockdale,Conyers,,,,,,,,,,,,
Rejected,Rouzan,LA,Baton Rouge,East Baton Rouge,Baton Rouge,,4.01,4.01,,,277,"$6,926,500",,,,,
Rejected,Americana,LA,Baton Rouge,East Baton Rouge,Zachary,70791,,,,,,,,,,,
Rejected,Chalmette,LA,New Orleans - Metairie,St. Bernard,Chalmette,,,,,,,,,,,,
Rejected,Lakeshore Village,LA,New Orleans - Metairie,St. Tammany,Slidell,,,,,,,,,,,,
Rejected,Alario Center,LA,New Orleans - Metairie,,,,,,,,,,,,,,
Rejected,Lakewood,LA,New Orleans - Metairie,Orleans,Harvey,,22,,,,,,,,,,
Rejected,Shreveport,LA,Shreveport–Bossier,Caddo,Shreveport,,,,,,,,,,,,
Rejected,Oak Harbor,LA,Slidell,,Louisiana,,,,,Yes,,,,,,,
Rejected,Ocean Springs,MS,Biloxi Ocean Springs MSA,,,,12,12,,,240,TBD,,,,,
Rejected,Nashville,TN,Nashville - Davidson - Murfreesboro - Franklin,Sumner,Gallatin,,,,,,,,,,,,
Rejected,"Lakeway, TX",TX,Austin - Round Rock - Georgetown,Travis,Austin,,,,,,,,Listed,,,,
Rejected,Dallas sites,TX,Dallas - Arlington - Fort Worth,Dallas,Dallas,,,,,,,,Listed (Grapevine Way) https://www.loopnet.com/Listing/Hwy-121-Bass-Pro-Dr-Grapevine-TX/3909406/ (Kubota Dr Grapevine) https://www.crexi.com/properties/654324/texas-kubota-drive,,,,
Rejected,Townsen,TX,North Houston,,Humble,,,,,,,,,,,,
Rejected,Pearland Center,TX,SW Houston,,Pearland,,24,12,Com,Partially,288,10.5M Ask,,,,,
Rejected,Trammel Fresno,TX,SW Houston,,Missouri City,77459,15,15,MF,,300,,,,,,
Rejected,Weatherford,TX,Weatherford,Fort Worth,Weatherford,,19,19,,,600,TBD,Listed (Grapevine Way) https://www.loopnet.com/Listing/Hwy-121-Bass-Pro-Dr-Grapevine-TX/3909406/ (Kubota Dr Grapevine) https://www.crexi.com/properties/654324/texas-kubota-drive,,,,
Rejected,The Waters at Manhattan Phase 2,LA,New Orleans - Metairie,Jefferson,Harvey,,,,,,,,,,,,
,,,,,,,,,,,,,,,,,
,,,,,,,,,,,,,,,,,
,,,,,,,,,,,,,,,,,
,,,,,,,,,,,,,,,,,
,,,,,,,,,,,,,,,,,
,,,,,,,,,,,,,,,,,
,,,,,,,,,,,,,,,,,
,,,,,,,,,,,,,,,,,
,,,,,,,,,,,,,,,,,
,,,,,,,,,,,,,,,,,
,,,,,,,,,,,,,,,,,
,,,,,,,,,,,,,,,,,
,,,,,,,,,,,,,,,,,